credential,type
DDS,doctor
MD,doctor
M.D.,doctor
DO,doctor
"RN, MSN, ANP-BC",nurse
O.D.,doctor
,doctor
D.D.S.,doctor
ACNP,nurse
DPM,doctor
PAC,PA
A.R.N.P.,nurse
"MSN, APRN, BC",nurse
D.O.,doctor
"M.D,",doctor
APRN,nurse
PA-C,PA
CNM,nurse
RN CNP,nurse
DDS MS,doctor
"DNP, APRN-BC, FNP",nurse
PHARM D.,pharm
CRNP,nurse
D.M.D.,doctor
ARNP,nurse
D.D.S,doctor
DPM MD,doctor
FNP,nurse
NP,nurse
DMD,doctor
PA,PA
MPT,other
APRN BC FNP,nurse
"DMD,FAGD",doctor
"MD,MPH",doctor
"BDS,  DDS",doctor
"D.D.S., F.A.G.D.",doctor
"DDS, MD",doctor
"PMH, CNP/CNS",nurse
P.A.,PA
M.D,doctor
"D.O., MPH & TM",doctor
"M.D., PH.D.",doctor
RPA-C,PA
MD FACOG,doctor
F.N.P.,nurse
D.O,doctor
ANP,nurse
FNP-C,nurse
D.M.D,doctor
D.P.M.,doctor
OD,doctor
O. D.,doctor
CNS,nurse
"MS, APRN, FNP-C",nurse
MD MPH,doctor
NP-C,nurse
PHARM D,pharm
"M.D.,",doctor
MBBS,doctor
PHYSICIAN ASSISTANT,PA
M.D. FCCP,doctor
MD.,doctor
CNP,nurse
DPT,doctor
"D.D.S, M.D.",doctor
PH.D.,doctor
"APRN, BC",nurse
P.A.-C,PA
M.D.P.A.,doctor
F.N.P.-C,nurse
M. D.,doctor
CFNP,nurse
C.N.P,nurse
APN,nurse
"D.D.S., A.P.C.",doctor
"NP-C, MSN",nurse
MD FACP,doctor
R.P.A.,PA
N.P.,nurse
"APRN, CNS",nurse
"D.D.S., M.D.",doctor
PMHNP,nurse
"MD, PHD, ABFP",doctor
APNP,nurse
"DMD, MD, PLLC",doctor
"M.D., P.A.",doctor
"MPA, MSED, ATC, PA-C",PA
D O,doctor
"M.D., M.H.S.",doctor
"M.S., N.P.-C",nurse
FNP-BC,nurse
P.A,PA
FPMH-NP,nurse
NFP,nurse
ARNP-BC,nurse
CPNP,nurse
A.P.R.N.,nurse
P.A.-C.,PA
NURSE PRACTITIONER,nurse
DMD MS,doctor
"APN, BC",nurse
M.B.B.S.,doctor
"RN, FNP",nurse
"NP, CNM",nurse
ANP-BC,nurse
"PA-C, MS",PA
MD IN TRAINING,doctor
"RN, CNP",nurse
"CRNP,MSN,BC",nurse
"MSN, FNP-C",nurse
"D.O., D.O.S.",doctor
D D S  M D,doctor
"DNP, ARNP",nurse
"MSN, ARNP, ACNP-BC",nurse
OO,doctor
MD PA,doctor
"RN,FNP",nurse
"D.D.S., M.S.",doctor
"MBBS, MD",doctor
"DNP, APRN",nurse
D.O .,doctor
"CNP, APRN, CNS-RX",nurse
M.D. PH.D,doctor
"D.D.S., M.S.D.",doctor
"MB,BS",doctor
FAMILY NURSE PRACTIT,nurse
WHNP,nurse
P.A.C.,PA
ND,doctor
PHARM. D.,pharm
ANP.,nurse
"RN, APN, FNP",nurse
"PA-C, ATC",PA
RPA,PA
"MD, PHD",doctor
"NP, CNS",nurse
"MD, FACEP, FAAEM",doctor
"ANP,BC",nurse
WHNP-BC,nurse
"APRN-BC, ANP, FNP",nurse
ANP-FNP-BC,nurse
"D.D.S, F.A.G.D",doctor
DDS MD,doctor
P.A-C,PA
"M.D.,MBA",doctor
"MSN, APN, CNP, NP-C",nurse
"M.D., M.P.H.",doctor
R.N.  NPF,nurse
"MSN, FNP-BC",nurse
PMHHNP,nurse
"FNP,NPP",nurse
C. - F. N. P.,nurse
DDS. MS,doctor
"O.D., M.P.H.",doctor
N.D.,doctor
N. P.,nurse
"ARNP, BSN, MN",nurse
"MD, MSBS",doctor
"M.D, MPH",doctor
NP-ADULT,nurse
MS,other
M.D. P.A.,doctor
"MS,APRN,FNP,BC",nurse
"M.D., PHD",doctor
"DNP, APRN-BC",nurse
OD PC,doctor
"DNP, APRN, NP-C",nurse
"M,D",doctor
"MD, MS",doctor
"MS,MPH",other
"M.S.N., A.P.N.",nurse
O.D,doctor
"D.D,S.",doctor
"MD, PH.D.",doctor
"MD, MPH",doctor
"PA-C, MPAS",PA
"D.D.S., F.R.C.D.C.",doctor
"ATC, FNP-C",nurse
"PHD, APN",nurse
"APRN-BC,FNP",nurse
"ARNP, BC-GNP",nurse
RN,nurse
"M.D., F.A.C.R.",doctor
PA-C (PHYSICIAN ASSI,PA
APRN-CNS,nurse
"D,O.",doctor
MEDICAL DOCTOR,doctor
D. O.,doctor
"D.D.S, P.A.",doctor
"MPAS, PA-C",PA
"OD, PA",doctor
"DDS, MSD",doctor
A.P.R.N. N.P.,nurse
"CNM, FNP-C",nurse
"B.S., PA-C",PA
M.D MRCP,doctor
MD PHD,doctor
PCS,other
ACNP-BC,nurse
C.N.P.,nurse
MD MBA,doctor
"D.M.D., M.D.",doctor
RNP,nurse
PHARMD,pharm
"M.D. ,PH.D.",doctor
"MD, PHD, FACC",doctor
"D.O., M.S.",doctor
"ARNP, CNM",nurse
"M.D. ; M.B.,B.S.",doctor
"MS, FNP-BC",nurse
MD FACE,doctor
"M.D., PA",doctor
ARNP-C,nurse
"RN, CFNP",nurse
"ACNP-BC, MSN",nurse
CANP,nurse
"FNP, PHD",nurse
"MBBS, FRCS",doctor
PHP MD,doctor
PHC,other
BOARD CERTIFIED FNP,nurse
"RN, ANP",nurse
"M.D, MSC",doctor
MNS,nurse
PMH-NP-BC,nurse
"M.H.S., P.A.",PA
"DNP, ANP-BC",nurse
NPC,nurse
M.S.N.,nurse
"DNP, FNP-BC",nurse
HERSCHEL ROSS DDS,doctor
"M.D., PH. D.",doctor
DENTIST,doctor
M.S. C.N.P.,nurse
"MS, PA-C",PA
R.P.A.C.,PA
"MHS, PA-C",PA
"RN, NP",nurse
"D.D.S., PC",doctor
"MSPAS, PA-C",PA
JAMES KIM,other
DDS PS,doctor
"APRN, FNP-BC",nurse
"BSHS, MSN, FNP-BC",nurse
ANP-C,nurse
RPA C,PA
MD MPH MS DRPH,doctor
"DDS,CAGS",doctor
A.P.N.,nurse
"D.D.S., B.S.",doctor
RPAC,PA
N.M.D.,doctor
"DDS,MSD",doctor
"D.D.S.,M.S.",doctor
CNFP,nurse
ARNP FNP-BC,nurse
"RN, MSN, CCRN, ANP",nurse
MS RN NPP,nurse
APRN-BC,nurse
"APN,FNP",nurse
M.D. - PH.D,doctor
"PHD, FNP",nurse
MD P C,doctor
DDS PLLC,doctor
"RN, CS, FNP",nurse
CRNP- FAMILY,nurse
"D.C., FNP",nurse
DOCTOR OF OPTOMETRY,doctor
"D.D.S., F.A.C.D.",doctor
"RN, MSN, PMHNP, BC",nurse
"FNP, PMHNP",nurse
DNP,nurse
FLORA LAU,other
"DDS,MD",doctor
"MD, FACP",doctor
"APN, BC-FNP",nurse
"DMD, MD",doctor
"MD, PH.D",doctor
"DDS, MAGD",doctor
D.P.M,doctor
DDA,doctor
"D.M.D., P.C",doctor
MD  PA,PA
PMHCNS-BC,nurse
RN MSN FNO-C,nurse
"MD, FACS",doctor
M.D. (H),doctor
"ARNP, DNP",nurse
PHARM.D.,pharm
MSN ANP,nurse
FNP - C,nurse
"DNP,PMHCNS-BC",nurse
"D.D.S., PH.D.",doctor
"MD, MBA",doctor
GNP-BC,nurse
"M.D., M.B.A",doctor
"RN,NP",nurse
"MHSA, PA-C",PA
PA C,PA
MD FACS,doctor
"APRN, PHD, CNS",nurse
F.N.P,nurse
"DPM, FACFS",doctor
"M.P.A.S., P.A.C., LP",PA
"D.O.,",doctor
"RN,CFNP",nurse
"M.D., PHARMD.",doctor
"NP,  APRN BC",nurse
"MD., PH.D.",doctor
"M.D., MPH",doctor
RN MSN CNM ARNP,nurse
A.R.N.P.-B.C.,nurse
R.PH.,pharm
PMHNP-BC,nurse
"DMD, MSD",doctor
"FNP-BC, NP-C",nurse
C.N.S.,nurse
"P.D., D.D.S.",doctor
DNP / FNP,nurse
"CRNP, FNP-BC, RN",nurse
MD FACC,doctor
AGNP,nurse
DP,doctor
"RN, MSN, ACNP-BC",nurse
"RN, CS, MS(N),FNP",nurse
"M,D.",doctor
"ARNP,BC",nurse
"RN, MSN, NP-C",nurse
N.P,nurse
"M.D.,F.A.C.O.G.",doctor
"MSN,FNP-BC",nurse
NP-F,nurse
"MSN, APN,C",nurse
ANNA TAVAKKOLI M.D.,doctor
"MS, ANP-C",nurse
"MSN, ARNP",nurse
"DNP, CRNP, NP-C",nurse
ANPC,nurse
"M.D., M.S.H.S.",doctor
"M.D.,M.P.H.",doctor
LPN,nurse
B.S,other
"M.N., ARNP",nurse
MD RD,doctor
ANP/CNP,nurse
"M.D.,MPH",doctor
"MD,  FCCP, D-ABSM",doctor
"D.D.S,PC",doctor
"D.O., M.D",doctor
MD FACP FACC,doctor
"DNP, FNP-C",nurse
A.N.P.,nurse
"MD, PC",doctor
"D.M.D., F.A.G.D.",doctor
"DMD, MDS",doctor
"FNP, BC",nurse
M.B.B.S,doctor
CRNA,nurse
"MSN, CRNP",nurse
"PA-C, L.AC.",PA
"M.S., NP-C",nurse
"A.T.,C. , C.S.C.S.",other
"M.D., F.A.C.P.",doctor
PHYSICIAN,doctor
"RN, MSN, FNP",nurse
APN-C,nurse
MS RN CS,nurse
"M.D., P.C.",doctor
DDS  PC,doctor
"APRN, PMHNP-BC",nurse
M.D. MPH,doctor
"A.R.N.P. , PMHNP-BC",nurse
"M.D., MS",doctor
"MSN, CNS, ACNP-BC",nurse
M.D..,doctor
"PA, O.T.",PA
"FNP-C, ACNP",nurse
ACNS-BC,nurse
R.N.,nurse
"M.S.N., R.N., N.P.",nurse
"MD, MSHS",doctor
M.B.;B.S.,doctor
"M.D., FACOG",doctor
"D.D.S, M.S",doctor
C.R.N.P.,nurse
MBBS (MD),doctor
MBBCH,doctor
"MSN, ACNP-BC, CCRN",nurse
"ANP-BC, GNP",nurse
"DDS, MS",doctor
"M.D., M.A.",doctor
MS ANPC,nurse
"M.D., FACS",doctor
"CNP, CNM",nurse
DRNP,nurse
"M.B., B.S.",doctor
"MBBS,MS",doctor
"D.M.D., M. S.",doctor
"R.N., N.P.",nurse
RN NP,nurse
"M.D., FAAFP",doctor
M.D. PH.D.,doctor
C-FNP,nurse
"PHARMD, DDS",doctor
"M.D., PH.D",doctor
ANRP,nurse
"A.P.R.N., B.C.",nurse
"RN, APRN, NP, B.C.",nurse
PMHNP-BC. NP,nurse
"N.D., LAC",doctor
DMD MD,doctor
M.D.PH.D.,doctor
"MD, MS, MBA",doctor
"MB.BS, FRCSC",doctor
"M.D.,P.A.",doctor
"M.D., M.S.",doctor
RN CFNP,nurse
M D F A A D,doctor
"A.P.R.N., W.H.N.P.",nurse
"MSN, APRN, FNP-BC",nurse
D. D. S.,doctor
"D.M.D, M.D.",doctor
"MD, MSPH",doctor
"RPH,BCOP, BCPS",pharm
"DMD, MS",doctor
"MSN, APRN, BC, FNP",nurse
D.D.S. P.S.,doctor
"RN, PMHNP",nurse
"WHNP, CFNP",nurse
DPM PC,doctor
"RN,C,FNP",nurse
ARNP CS,nurse
"DDS, PS",doctor
"C.N.M.,F.N.P.",nurse
"DNP, FNP",nurse
DMD BA,doctor
PA (PHYSICIAN ASSIST,PA
"D.O., RPH",doctor
"CNM, FNP, DNP",nurse
"M.D., F.C.C.P.",doctor
"DO, LACC",doctor
R PA-C,PA
P.A.C/,PA
B.D.S.,doctor
"DDS,MS",doctor
"DC, PA-C",PA
DMD DR MED DENT,doctor
RN CNS,nurse
WHCNP/ANP,nurse
ARANP,nurse
"MS, RN, FNP-C",nurse
GNP-C,nurse
"D.O., M.D.",doctor
"PA-C, MSPAC",PA
M. D. M.P.H.,doctor
"DO, MPH",doctor
"PH.D., NP-C",nurse
FNP-APNP,nurse
"OD, FAAO, FOAA",doctor
"BDS, DDS",doctor
M D,doctor
MT,other
"R.N, M.S.N., G.N.P.",nurse
"MD, M.P.H., A.T.C",doctor
"OD, MS",doctor
"PHD, NP, PMHNP-BC",nurse
"ARNP, CDE",nurse
RN ACNP,nurse
"M.D.,M.R.C.S.",doctor
PA-C MPAS,PA
"RN, MSN, CS, FNP",nurse
DNP FNP-BC,nurse
"MD, PA",doctor
NPF,nurse
PSYD,doctor
"D.D.S., P.A.",doctor
"MSN, NP-C",nurse
"MD, DDS",doctor
EIN-,other
WHCNP,nurse
"APN, CNP",nurse
"R.N., N.P., C.S.",nurse
M.D. PHD,doctor
"CCNS, NP",nurse
DDS. PRACTICE LIMITE,doctor
"ARNP, LP",nurse
"ND, ARNP",nurse
D.M.D. P.A.,doctor
APRN BC,nurse
"DDS, FAGD",doctor
C-PA,PA
"APN, C",nurse
APN FNP-C,nurse
MD SC,doctor
"MSN, MPH, CNM, FNP-C",nurse
"D.O.,P.A.",doctor
D D S,doctor
GNP-BG,nurse
"MSN, RN, FNP",nurse
ARNP BC,nurse
PHD,other
"RN, NP-C",nurse
"RN, MSN, FNP-C",nurse
MD FACG,doctor
"DMD,MD",doctor
"APRN,BC",nurse
"M.D., M.P.H., M.B.A.",doctor
A.R.N.P,nurse
"DMD, MPH",doctor
"MSN, RN, ACNP-BC",nurse
"M.D., PHD, NEUROLOGY",doctor
APN-NP,nurse
BCFNP,nurse
RN BC ANP,nurse
CNP-FNP-DNP,nurse
"APN, ACNS-BC",nurse
GNP/APRN,nurse
FNPC,nurse
"MMS, PA-C",PA
"D.M.D., M.S.",doctor
"D.O,",doctor
"MD, FACOG",doctor
DR,doctor
"FNP-BC, PMHNP-BC",nurse
C.R.N.P,nurse
NPP,nurse
"MD, MPH, FACP",doctor
"M.D.,PH.D.",doctor
"DO, FACOOG",doctor
"APN, MSN",nurse
DMD FAGD,doctor
"D.M.D, M.S.",doctor
"APRN,CS",nurse
"APRN-BC, ND",nurse
"LPN, RN, ANP",nurse
"O.D, F.A.A.O.",doctor
C- NP,nurse
CRNP PMH,nurse
"RN, BSN, CRNA, MSN",nurse
"APRN, PHD.",nurse
C.N.M.,nurse
"D.D.S, M.S.",doctor
MD/PHD,doctor
"DDS, MS, MSPH",doctor
R.N.P.,nurse
"MED, LPC",doctor
PHYSICIAN ASST PA C,PA
"MD,PA",doctor
M.D.  MMSC.,doctor
"NP, MSN",nurse
"R.N., C.N.P.",nurse
PHD APN FNP-C,nurse
FNP BC,nurse
M.D.PA,doctor
MSN,nurse
"RN, CRNP",nurse
"RN-C, FNP",nurse
DMD PC,doctor
D.N.P.,nurse
"FNP, ARNP",nurse
DPM`,doctor
MFTI,other
PHD PAC,PA
"APRN-BC, CFNP",nurse
"D.M.D., P.A",doctor
"MD, FACC",doctor
"APRN, NP",nurse
"MB, BCH",doctor
DC,doctor
"M.D., M.B.A.",doctor
"APRN,PMHNP-BC",nurse
"M.D., P.T., A.T.,C.",doctor
CRNP-PMH,nurse
D. P. M.,doctor
PHARM. D,pharm
MSN-FNP,nurse
"M. D.,",doctor
"MSN, APRN, PMHNP-BC",nurse
"MD, DVM",doctor
"MS, APRN",nurse
"RN, MA, NP-C,",nurse
GNP,nurse
"APRN, PMHNP",nurse
"M.D., D.T. M & H",doctor
M.M.D.,doctor
RN BSN MSN FNP,nurse
"D.D.S.,M.M.SC.",doctor
OPTOMETRIST,doctor
OTRL,other
"PHD., ARNP, BC",nurse
"MSN, APRN, FNP-C",nurse
"RN, WHNP, ANP",nurse
"D.M.D.,M.S.",doctor
"DNP, MS, FNP-C",nurse
CNS/ANP,nurse
"PA-C, MSC",PA
"D.D.S., M.S., P.C.",doctor
APRN-FNP,nurse
D.D.S. M.D.,doctor
PT,other
"MSSW, LSW",other
"D.O., P.C.",doctor
"R.N., C.F.N.P.",nurse
"RN,BSN,APN-C",nurse
"APRN, FNP",nurse
"CRNP, NP-C",nurse
"DNP,CRNP",nurse
"D.D.S, M.D",doctor
"RN, CNN, APN",nurse
RNCS,nurse
PHYSICIAN ASSISTANTS,PA
APRN (N.P),nurse
M.D.  MPH,doctor
"PA-C, DMO",PA
M.D.FACP,doctor
DNP-CFNP,nurse
"PA-C, ND, MSOM, MS",PA
"D.D.S., P.C",doctor
"FNP, CNM",nurse
"RN, FNP-C",nurse
ANP B-C,nurse
DPM PA,PA
C.F.N.P,nurse
"PA-C, MPA",PA
"D.D.S.,M.S",doctor
"PA-C, MPH",PA
"PMHNP, RN",nurse
"MSN, NPC",nurse
"M.D., F.A.C.E",doctor
"RN,CNP",nurse
"NP, PHD",nurse
"DDS, PHD",doctor
"PHD, ARNP",nurse
"D.O., P.A.",doctor
M.D.F.A.C.C.,doctor
FNP/C,nurse
"PH. D., PA-C",PA
"RN, APNP",nurse
"M.D., F.A.C.C.",doctor
"APN, NP-C",nurse
FNP CRNP,nurse
"D. D. S., M. S.",doctor
"RN,CS,MSN",nurse
"RN, MS, FNP-C",nurse
M.D.PHD,doctor
"MSM, PA-C",PA
"FNP-BC, CNM",nurse
MD DO,doctor
"MS, ARNP, PMHNP-BC",nurse
"D.M.D, P.A.",doctor
"PA-C, PHARM.D.",PA
F.N.P.C.,nurse
F.A.A.O,other
GENERAL MEDICINE,doctor
"MSN, ACNS-BC, AGNP-C",nurse
"MD, RPVI",doctor
"MS, RN, ANP",nurse
"GREG SAWYER, D.D.S.",doctor
"M,D,",doctor
DDS PA,doctor
ARNP RN BSN MSN,nurse
C-NP,nurse
"M.D., OD",doctor
"ACNP-BC, CCNS",nurse
"DDS, PLLC",doctor
MSN APRN BC,nurse
P. A.,PA
M.D/,doctor
"MSN, CNS, A.P.R.N.",nurse
"MS, APN, CANP",nurse
"MD, MA",doctor
"M.ED., O.D.",doctor
RPH.,pharm
"APRN, FNP-C",nurse
"APRN, CSN",nurse
"D.M.D., P.A.",doctor
"MSN, APRN FNP-BC",nurse
MSN CRNP,nurse
"RN, DDS, MS, PHD",nurse
"O.D, P.A.",doctor
"CRNP-F, APRN-PMH",nurse
"MS,PA-C",PA
"APRN, CNP, CNNP",nurse
"PA, RN",PA
P.T.,other
"MSPA, PA-C",PA
"FNP, DCNP",nurse
MS PA-C,PA
"MD, ABIHM",doctor
NURSE PRACTIONONER,nurse
"MSN, APN, C",nurse
MD  ENT,doctor
APRN-CNP,nurse
"M.D., M.P.H",doctor
"MSN, GNP-BC",nurse
ARNP - FNP-C,nurse
"D.D.S., M.S., PH.D.",doctor
MD/FACS,doctor
"NP, DNP",nurse
"M.D., M.S",doctor
"MD, CWS, FCCWS",doctor
M.D. PA,doctor
PMHNP/ANP,nurse
NURSE PRACTIONER,nurse
"D.O, P.A.",doctor
AGACNP,nurse
"DNP, FNP, PMHNP-BC",nurse
"B.S.N., C.R.N.P.",nurse
"RN, FNP-BC",nurse
"MS, MSN, RN, FNP-BC",nurse
"M.D., PH.D., M.SC.",doctor
"RN, MSN, FNP, NP-C",nurse
PA PHD,PA
"RN-BC, MSN, CRNP",nurse
"MHS, PAC",PA
PHARM.D,pharm
"PH. D. , M.D.",doctor
ENP,nurse
"M.D,F.A.C.P,F.A.C.G",doctor
RPH,pharm
ADULT NP,nurse
"D.D.S.,M.D",doctor
MB CHB,doctor
"FNP-BC, WHNP-BC",nurse
"M.D., LLC.",doctor
MD FACEP,doctor
"CRNA, FNP-C",nurse
"ARNP, NP-C",nurse
RNCNP,nurse
ARNP    PHD,nurse
"RN,MSN,FNP-C",nurse
"RN, APRN-BC, A",nurse
APRN-C,nurse
M.D>,doctor
"D.O., MPH",doctor
"N.P., M.P.H.",nurse
MD DMD,doctor
RN MSN APN,nurse
AGPCNP-BC,nurse
"M.S.N., C.N.S.",nurse
(DMD),doctor
"B.D.S., M.S.",doctor
RPA-C MPAS,PA
"D.D.S, FAGD",nurse
"RN,MSN,CNP",nurse
MD FACC FACA FCCP,doctor
"MSN, FNP",nurse
"FNP, ACNP",nurse
"DNP, RN, ANP-BC",nurse
MSARNP,nurse
"APRN-BC, FPMHNP",nurse
NMD,doctor
"MD, PHD, FACP",doctor
"M.D., J.D.",doctor
F.N.P.-C.,nurse
"RN, MSN, CANP",nurse
MD OD,doctor
"D.D.S.,M.P.H",doctor
"DPM, MS",doctor
"R.N.,N.P.,C.N.S.,",nurse
"MD, FACC, NASPE",doctor
OPHTHALMOLGIST M.D.,doctor
"RN,MS,CNS",nurse
"D.M.D., M.M.SC.",doctor
"MD,MRCPI,FASN",doctor
M.D. M.P.H.,doctor
GERALD SULLIVAN,other
M..,other
APRN-RN,nurse
"MD, MSC",doctor
MD OBGYN,doctor
"DDS, MPH",doctor
MD`,doctor
"MD, FAAFP",doctor
M.D./FAMILY PRACTICE,doctor
"APN,C.",nurse
"M.S.N., R.N., A.P.N.",nurse
"RN, MS, FNP",nurse
N P,nurse
ACNP/FNP,nurse
MDPHD,doctor
RNC-OB,nurse
"CNP, CNS, APRN BC",nurse
"FNP-BC, ARNP",nurse
"APRN-BC, MSN",nurse
P.A.C,PA
"RN, ACNP-BC",nurse
M.D./PH.D.,doctor
"M.D., F.A.A.F.P.",doctor
"M.D., P.C",doctor
AHCNS,nurse
"RN, ACNS-BC",nurse
"DNP, PMHNP-BC",nurse
"M.D, PHD",doctor
"M.D., PH.D., MRCP",doctor
"M.S.N., N.P.",nurse
"P,A,",PA
"DR,NP",doctor
"D.D.S., P.C.",doctor
"M.D., PHARM.D.",doctor
"DO, M.S.",doctor
"MHSC, PA-C",PA
MSN - FNP-C,nurse
"DDS, PC",doctor
C.F.N.P.,nurse
MD FACC FSCAI FSVM,doctor
"DNSC, ARNP, CS",nurse
NP C,nurse
"M.B.,B.S.",doctor
"PH.D., MSN, PMHNP.",nurse
CFPMHNP,nurse
"M.D.,  PHD.",doctor
"DDS, MS, PC",doctor
"RN, BSN, APN",nurse
"PA, PT",PA
"RXN, NP",nurse
"MS,PAC",PA
"RN, APRN",nurse
"RN, MSN, PMHNP",nurse
"RN,DDS",nurse
RNCS FNP,nurse
"DDS,MS, DIPLOMATE",doctor
"DDA, PA",doctor
MSDMD,doctor
DDS.FAGD,doctor
"RN/PC, PMHCNS-BC",nurse
PSYNP,nurse
"M.D., FACP",doctor
MSN APRN,nurse
M.D.  F.A.C.P.,doctor
"D.M.D., J.D.",doctor
"MD,DC",doctor
DMD MSD,doctor
"M.D., F.A.P.A.",doctor
"DDS MAGD,PC",doctor
MD DDS,doctor
MDFAC,doctor
R.N. MS. C.U.N.P.,nurse
"ARNP, FNP-BC",nurse
"D.D.S., D.M.D.",doctor
"MSN,  APN",nurse
FACEP MD,doctor
D O P C,doctor
"FNP, GNP, RN",nurse
"NP,RN",nurse
RNC WHNP,nurse
"P.A, A.T.C",PA
"DNP, PMHNP-C, FNP-C",nurse
"MSN, AGPCNP-BC",nurse
O D  PS,doctor
"OD, FAAO",doctor
CNS   FNP-C,nurse
"MSN, APRN",nurse
"MD,PH.D",doctor
"NP, RN",nurse
"MBBS, MRCP",doctor
"RN, MSN, OCN, NP-C",nurse
"M.D.,PHD",doctor
"D.P.M., FACFAS",doctor
CNM C,other
"MS, RPA-C",PA
FNP MSN RN,nurse
BRIAN MASTERSON,other
"DO, MBA, MS",doctor
"DDS, PA",doctor
"RN,MSN",nurse
"RN/BSN, MSN ,FNP-BC",nurse
"PH.D., MD",doctor
MD FAAOS FACS,doctor
"D.O., PH.D.",doctor
D. M. D.,doctor
DENTIST DDS,doctor
MDCM FRCS,doctor
N.P.-C,nurse
RNC-ANP,nurse
APNC,nurse
"APRN, NP-C",nurse
MD-A PROF CORP.,doctor
MD MS,doctor
"BA,,DC, DO,JD, LLM",doctor
"M.D., FACC",doctor
"MD, PT",doctor
"P.A.,C.",PA
MSN NP,nurse
"PA-C, MSPAS, MPH",PA
PHYSICIAN ASSISANT,PA
DDS FAGD,doctor
